id,name,rank,ancestor
17716878355045720868,Aalivirus,Genus,9173725076793168738
13180984617732551494,Abidjanvirus,Genus,11899485691544492006
1650325888921121233,Abnidovirineae,Suborder,16290532738832004111
16797069895869591789,Abouovirus,Genus,6981333651723785547
12758403923039509403,Abyssoviridae,Family,1650325888921121233
17915401392615996594,Acadianvirus,Genus,5088620819186566925
12748664558343260862,Ackermannviridae,Family,4688094981225374454
9373193618340748945,Actantavirinae,Subfamily,11677197057783500794
8015486362337857641,Actinovirus,Genus,9373193618340748945
12220053415754138688,Adenoviridae,Family,
3094311761558663385,Agantavirinae,Subfamily,11677197057783500794
16350480208514669034,Agatevirus,Genus,17142241886798852974
2329844075549260975,Ageyesisatellite,Genus,5232518423114132944
8273292258048558928,Aglimvirinae,Subfamily,12748664558343260862
1663784730555894255,Agnathovirus,Genus,3094311761558663385
8188743892274231080,Agricanvirus,Genus,6981333651723785547
10288209018493492664,Agtrevirus,Genus,8273292258048558928
12688035229507972623,Ahduovirus,Genus,11899485691544492006
2607779504391378086,Ailurivirus,Genus,9173725076793168738
11231054907803446728,Albetovirus,Genus,4599195356974050869
10270610208167733032,Alcyoneusvirus,Genus,6981333651723785547
4672116433215500955,Alefpapillomavirus,Genus,16459844063899621974
14188252530513228304,Alfamovirus,Genus,7168675313662717141
6879254759295124661,Allexivirus,Genus,9252919582085191391
5794235181229681054,Alloherpesviridae,Family,638965020173107913
7089476654326814854,Allolevivirus,Genus,7995600327008799950
16076797084527660931,Almendravirus,Genus,3133221597971588990
2922176908135730601,Alphaabyssovirus,Genus,13888696275484536452
13713170219020036209,Alphaarterivirus,Genus,8522807828528123752
5968923883683097855,Alphabaculovirus,Genus,13015683766192591039
16602086335609695575,Alphacarmotetravirus,Genus,3911488597940277518
2264928079486370903,Alphacarmovirus,Genus,7641791751908040520
3337767426426839841,Alphachrysovirus,Genus,1522031434864713089
5576532240118440814,Alphacoronavirus,Genus,9372303298172469915
16557841788120180325,Alphaendornavirus,Genus,12882413927931771909
11611971684426139831,Alphaentomopoxvirus,Genus,16195394246599863669
9252919582085191391,Alphaflexiviridae,Family,9273559344484886709
10776229019040537553,Alphafusellovirus,Genus,15300765160314224066
13547681313355468317,Alphaguttavirus,Genus,2974162886097747741
13681533864503273615,Alphaherpesvirinae,Subfamily,17374364102234090017
14129991496067121833,Alphainfluenzavirus,Genus,10373798200058817885
11222979088855428697,Alphairidovirinae,Subfamily,14326303205127378556
14911118920462013788,Alphaletovirus,Genus,3164647591274919587
4654839494980680429,Alphamesonivirus,Genus,10050240109797131360
16280665544666198154,Alphamononivirus,Genus,13556305584897005103
17797620504707969947,Alphanecrovirus,Genus,7641791751908040520
12453339358058193021,Alphanemrhavirus,Genus,3133221597971588990
13612568911054513778,Alphanodavirus,Genus,13443589885939834549
7804043241834959116,Alphanudivirus,Genus,2619598984258841087
5121289666196375085,Alphaovalivirus,Genus,4262804056583084625
16933510533333075587,Alphapapillomavirus,Genus,16183199706657812616
1938048156078704748,Alphapartitivirus,Genus,16258601861311703440
7180427034428004800,Alphapermutotetravirus,Genus,10169718770674038687
17463129251670659465,Alphapleolipovirus,Genus,5161781648906199824
4758143467757778201,Alphapolyomavirus,Genus,3444836407271603922
16278030881689626410,Alphaportoglobovirus,Genus,7569211200287679827
1844441426086650504,Alpharetrovirus,Genus,5529715125402291143
7018209632590305617,Alphasatellitidae,Family,
13827788744057684017,Alphasphaerolipovirus,Genus,9703158791805727021
10765767668798304272,Alphaspiravirus,Genus,8483946233463262563
8757204302916276122,Alphatectivirus,Genus,6892049332686362364
6654124933490528709,Alphatetraviridae,Family,4599195356974050869
15215623077705400048,Alphatorquevirus,Genus,726055528227582715
10744887717852886322,Alphatrevirus,Genus,2289802452860932726
8977946364217008570,Alphatristromavirus,Genus,6946162624092824948
10394585246773871650,Alphaturrivirus,Genus,3638453545164749235
14752743643973068274,Alphavirus,Genus,4325012553040563742
8111665924824425172,Alvernaviridae,Family,4599195356974050869
3990036958918886630,Amalgaviridae,Family,4599195356974050869
7255185071325117179,Amalgavirus,Genus,3990036958918886630
6985474930578954014,Ambidensovirus,Genus,3836539344103040063
16977041347311372424,Amdoparvovirus,Genus,6801232604245579054
7777350090615162703,Amigovirus,Genus,11899485691544492006
2889077483867760485,Amnoonviridae,Family,9380425007472470983
17830836148623579201,Ampelovirus,Genus,9548093120345816919
6025708669465787251,Ampivirus,Genus,9173725076793168738
7574714430050730048,Ampobartevirus,Subgenus,7691897071965806911
11277479164575894295,Ampullaviridae,Family,
8594920073009043205,Ampullavirus,Genus,11277479164575894295
7830937778578189431,Anativirus,Genus,9173725076793168738
16429087546973031614,Anatolevirus,Genus,11899485691544492006
6231239726153615903,Andecovirus,Subgenus,9218417344819324615
9202893054412509399,Andromedavirus,Genus,11899485691544492006
726055528227582715,Anelloviridae,Family,
11122337455879726005,Anphevirus,Genus,10587294476599310319
10599449646054801626,Antennavirus,Genus,15119277073868322277
5246089495178410457,Anulavirus,Genus,7168675313662717141
7998072480427751864,Aparavirus,Genus,17141231313971995675
11077045894088631479,Aphroditevirus,Genus,6981333651723785547
378664375878634943,Aphthovirus,Genus,9173725076793168738
7270730964680489958,Aplyccavirus,Subgenus,2922176908135730601
5868514589452019083,Apscaviroid,Genus,13624434808369134409
382404826742474346,Aquabirnavirus,Genus,2618646460838442236
2443778817899399216,Aqualcavirus,Genus,11209872574396414561
5284903108912504630,Aquamavirus,Genus,9173725076793168738
12008847733000436410,Aquaparamyxovirus,Genus,16306351437601072747
15446340524776012967,Aquareovirus,Genus,9796809150541823076
15119277073868322277,Arenaviridae,Family,12509380156458637060
13889641667158077797,Arequatrovirus,Genus,7224149787533895601
5730725989514088081,Arlivirus,Genus,11573356676290016564
17487124010478480496,Arnidovirineae,Suborder,16290532738832004111
7224149787533895601,Arquatrovirinae,Subfamily,11899485691544492006
5139298484441750216,Arteriviridae,Family,17487124010478480496
9380425007472470983,Articulavirales,Order,15466293451742087414
15558211591385496807,Artoviridae,Family,8668787291196176510
10189470729361874272,Ascoviridae,Family,
11950829790695954171,Ascovirus,Genus,10189470729361874272
6953348164214343893,Asfarviridae,Family,
5934597760614951753,Asfivirus,Genus,6953348164214343893
4330165648907505445,Aspiviridae,Family,1418447870769409576
8733644397197817207,Asteriusvirus,Genus,6981333651723785547
11635660159124468236,Astroviridae,Family,4599195356974050869
2578416784307281621,Atadenovirus,Genus,12220053415754138688
10710860659533468099,Attisvirus,Genus,11899485691544492006
17948654944289160222,Aumaivirus,Genus,4599195356974050869
480469502522570822,Aureusvirus,Genus,7641791751908040520
2109478319417176877,Aurivirus,Genus,13173295696932644972
13920357621781878741,Autographivirinae,Subfamily,11209872574396414561
5576801461287552749,Avastrovirus,Genus,11635660159124468236
13752848272546220314,Avenavirus,Genus,6082525920936141749
5726685558236165099,Aveparvovirus,Genus,6801232604245579054
7118405926436302515,Aviadenovirus,Genus,12220053415754138688
3206747176826859536,Avibirnavirus,Genus,2618646460838442236
14545611939074784311,Avihepadnavirus,Genus,11183023795456958417
16023139583657424170,Avihepatovirus,Genus,9173725076793168738
1952479236663669319,Avipoxvirus,Genus,6783648483763109209
14415752007712441418,Avisivirus,Genus,9173725076793168738
9282394030230859463,Avsunviroid,Genus,4120786656085320012
4120786656085320012,Avsunviroidae,Family,4599195356974050869
4418755906242444372,Avulavirinae,Subfamily,11572708849693708725
15259557764170418425,Avunavirus,Genus,13710275977068362380
14981413491209447830,Babusatellite,Genus,16372131080817766316
16870065666620737947,Babuvirus,Genus,3183200932894823670
13671345239751610901,Bacilladnaviridae,Family,
15233043595385904576,Bacillarnavirus,Genus,17995986393581383695
13015683766192591039,Baculoviridae,Family,
781482245249301567,Badnavirus,Genus,7951137831445856151
3951983930982568717,Bafinivirus,Genus,14724809888891670586
15425582649998349203,Balbicanovirus,Subgenus,17063796365535527333
1804081359420895739,Baltimorevirus,Genus,11209872574396414561
3816377807933336787,Bantamvirus,Genus,11899485691544492006
6307363674655818939,Banyangvirus,Genus,17862316860476623601
17942654138731758905,Barnaviridae,Family,4599195356974050869
7891501293026556479,Barnavirus,Genus,17942654138731758905
6350175182710236843,Barnyardvirus,Genus,11899485691544492006
17142241886798852974,Bastillevirinae,Subfamily,9876254772256443932
14435776591365505220,Bastillevirus,Genus,17142241886798852974
17804022719167766475,Batrachovirus,Genus,5794235181229681054
11134650980588538935,Bavovirus,Genus,2875031948932567723
2733284170691647755,Baxtervirus,Genus,17144570167878804256
12240125310386348065,Bcepmuvirus,Genus,6981333651723785547
5088620819186566925,Bclasvirinae,Subfamily,11899485691544492006
5322072310230344199,Bdellomicrovirus,Genus,17563753348456800606
18198535767230439412,Becurtovirus,Genus,5393585986258875724
17298173912521445542,Beetrevirus,Genus,11899485691544492006
7503947219991285554,Begomovirus,Genus,5393585986258875724
13264809358043164652,Behecravirus,Subgenus,11878650504203891627
17776328613573974786,Beidivirus,Genus,17862316860476623601
143130718805344677,Belpaoviridae,Family,3993546652259395590
17446016653876916625,Bendigovirus,Genus,11899485691544492006
13081390158154645773,Benyviridae,Family,4599195356974050869
16353398372815895453,Benyvirus,Genus,13081390158154645773
923540431906107420,Bequatrovirus,Genus,17142241886798852974
14314709067460075245,Berhavirus,Genus,10541466606234246798
5647836554911621034,Bernalvirus,Genus,11899485691544492006
7691897071965806911,Betaarterivirus,Genus,1799556572161908778
14530135475159703279,Betabaculovirus,Genus,13015683766192591039
17644557932949448903,Betacarmovirus,Genus,7641791751908040520
4248817485119714979,Betachrysovirus,Genus,1522031434864713089
14936425639880413637,Betacoronavirus,Genus,9372303298172469915
16309021366465491184,Betaendornavirus,Genus,12882413927931771909
8344842503728543014,Betaentomopoxvirus,Genus,16195394246599863669
12344803535372731225,Betaflexiviridae,Family,9273559344484886709
12863721081739922387,Betafusellovirus,Genus,15300765160314224066
8855046080981684571,Betaguttavirus,Genus,2974162886097747741
2260472442407195595,Betaherpesvirinae,Subfamily,17374364102234090017
6834396650717801518,Betainfluenzavirus,Genus,10373798200058817885
10168537050370731950,Betairidovirinae,Subfamily,14326303205127378556
16342873529511686902,Betalipothrixvirus,Genus,547613073531930489
5655627902010755768,Betanecrovirus,Genus,7641791751908040520
1229309048929346359,Betanodavirus,Genus,13443589885939834549
15457920733801437422,Betanudivirus,Genus,2619598984258841087
16507591262437989054,Betapapillomavirus,Genus,16183199706657812616
2438736240747144602,Betapartitivirus,Genus,16258601861311703440
3520191526439716793,Betapleolipovirus,Genus,5161781648906199824
16531599827692728211,Betapolyomavirus,Genus,3444836407271603922
14229829714218709633,Betaretrovirus,Genus,5529715125402291143
3486700988142227448,Betasatellite,Genus,2776071201607396323
10328012309294569507,Betasphaerolipovirus,Genus,9703158791805727021
15326252095801706863,Betatectivirus,Genus,6892049332686362364
16367402043647803705,Betatetravirus,Genus,6654124933490528709
13694856301013925255,Betatorquevirus,Genus,726055528227582715
15315506785812608047,Betterkatzvirus,Genus,11899485691544492006
10824450294996689826,Beturrivirus,Subgenus,15480330777662443329
4718766923766712885,Bevemovirus,Genus,13303972034921547361
9164031196106385988,Bicaudaviridae,Family,
3429466370354413790,Bicaudavirus,Genus,9164031196106385988
5044677528678471390,Bidensovirus,Genus,11355999964236296414
11355999964236296414,Bidnaviridae,Family,
15856485919376588402,Bifseptvirus,Genus,11209872574396414561
7663244128244169702,Bignuzvirus,Genus,9919998938060713766
10535890151269625077,Bingvirus,Genus,11899485691544492006
10940323028531131891,Biquartavirus,Genus,6981333651723785547
2618646460838442236,Birnaviridae,Family,4599195356974050869
9093371350011656198,Biseptimavirus,Genus,11899485691544492006
17326148438408502142,Bixzunavirus,Genus,6981333651723785547
15286641707333586110,Bjornvirus,Genus,11209872574396414561
6585643832335382084,Blicbavirus,Subgenus,3951983930982568717
9175104115840570449,Blosnavirus,Genus,2618646460838442236
10919026459060938017,Blunervirus,Genus,2185895254429224743
7641389112750186309,Bocaparvovirus,Genus,6801232604245579054
17063796365535527333,Bolenivirus,Genus,14051909726371773237
13698747532400505871,Bongovirus,Genus,17003941844202054856
16066466709311929327,Bopivirus,Genus,9173725076793168738
17512807176554128367,Bornaviridae,Family,8668787291196176510
12113438377741076106,Bosnitovirus,Subgenus,6497227726785287251
6497227726785287251,Bostovirus,Genus,18222189515458285112
2753212102853389198,Botoulivirus,Genus,17307843662023648295
17307843662023648295,Botourmiaviridae,Family,4599195356974050869
11822225201609707724,Botrexvirus,Genus,9252919582085191391
3920026619249232088,Botybirnavirus,Genus,4599195356974050869
12272730573659422963,Bovismacovirus,Genus,11779144519341771119
13635483255422534555,Bovispumavirus,Genus,18063744080116597952
13299180592154764100,Bowservirus,Genus,11899485691544492006
17522914940651104608,Bracovirus,Genus,8227318233234027167
17369327257872003736,Brambyvirus,Genus,13303972034921547361
14843614801469295372,Brevidensovirus,Genus,3836539344103040063
3456460076570979799,Britbratvirus,Genus,11899485691544492006
14633070124547569743,Brockvirinae,Subfamily,9876254772256443932
7168675313662717141,Bromoviridae,Family,4599195356974050869
4926711511148281604,Bromovirus,Genus,7168675313662717141
5845574592256627484,Bronvirus,Genus,11899485691544492006
14578286684151922643,Brujitavirus,Genus,627140461973713168
17449085767642202614,Brunovirus,Genus,6981333651723785547
6801664807671571987,Brussowvirus,Genus,11899485691544492006
309288044000010284,Bruynoghevirus,Genus,11209872574396414561
1389699629869688227,Buldecovirus,Subgenus,9218417344819324615
2289802452860932726,Bullavirinae,Subfamily,7814806146747986519
12509380156458637060,Bunyavirales,Order,9196640462582907887
8566165174936502168,Busanvirus,Genus,6981333651723785547
15573332161675737623,Buttersvirus,Genus,2377814816806631057
10613827751247074870,Bymovirus,Genus,13303972034921547361
8202060171081896944,Caeruleovirus,Genus,17142241886798852974
11626811911977229854,Cafeteriavirus,Genus,269919403042716002
2875031948932567723,Caliciviridae,Family,4599195356974050869
15946770128551877759,Caligrhavirus,Genus,3133221597971588990
18279497026439264526,Calvusvirinae,Subfamily,6082525920936141749
6786708902800956139,Camvirus,Genus,7224149787533895601
3770194973393869999,Capillovirus,Genus,17725665337956966886
10190807035452113288,Capripoxvirus,Genus,6783648483763109209
10962564810511004956,Capulavirus,Genus,5393585986258875724
15059829055595645348,Carbovirus,Genus,17512807176554128367
15529482777764074379,Cardiovirus,Genus,9173725076793168738
5101545349357183802,Cardoreovirus,Genus,5726418900326130787
8507577391479380023,Carlavirus,Genus,7721039907064015776
3911488597940277518,Carmotetraviridae,Family,4599195356974050869
2188887047852067257,Casadabanvirus,Genus,11899485691544492006
180904098772196444,Casualivirus,Subgenus,4654839494980680429
4688094981225374454,Caudovirales,Order,
7951137831445856151,Caulimoviridae,Family,3993546652259395590
6121528400601866822,Caulimovirus,Genus,7951137831445856151
4405733948979704476,Cavemovirus,Genus,7951137831445856151
5177903344161533406,Cbastvirus,Genus,11899485691544492006
4421668442150959395,Cecivirus,Genus,11899485691544492006
2193914777493136768,Ceduovirus,Genus,11899485691544492006
9172772894081701433,Ceetrepovirus,Genus,11899485691544492006
7621974739491651532,Cegacovirus,Subgenus,6548473745562436355
14187690599403248784,Centapoxvirus,Genus,6783648483763109209
10019058195273316621,Cepunavirus,Genus,4495057451346653814
11825727435066260927,Cequinquevirus,Genus,11899485691544492006
15328784166482734835,Ceronivirinae,Subfamily,7096154812874998121
8370146937721756487,Certrevirus,Genus,13710275977068362380
3341977086421502909,Cervidpoxvirus,Genus,6783648483763109209
3680987373746485334,Cetovirus,Genus,11899485691544492006
11662000521743490595,Chakrabartyvirus,Genus,6981333651723785547
16291290628710595772,Charlievirus,Genus,2377814816806631057
8810286825209589827,Charybnivirus,Genus,15328784166482734835
627140461973713168,Chebruvirinae,Subfamily,11899485691544492006
16959990333262617349,Chenonavirus,Genus,11899485691544492006
13762674851376125983,Cheoctovirus,Genus,11899485691544492006
11178616702602079843,Cheravirus,Genus,17019818600382113976
13603859166027289815,Chiangmaivirus,Genus,6981333651723785547
8565237337939083758,Chibartevirus,Subgenus,7691897071965806911
6963281332009724727,Chipapillomavirus,Genus,16183199706657812616
13103522194330176193,Chipolycivirus,Genus,15890930991667567221
10997873909074977050,Chivirus,Genus,11899485691544492006
8985317320454461458,Chlamydiamicrovirus,Genus,17563753348456800606
9868939650223523538,Chloriridovirus,Genus,10168537050370731950
7372543527215763367,Chlorovirus,Genus,17504659380790710371
6783648483763109209,Chordopoxvirinae,Subfamily,17160833929784832207
8447211345504387483,Chordovirus,Genus,17725665337956966886
1522031434864713089,Chrysoviridae,Family,4599195356974050869
10132014794079682583,Chungbukvirus,Genus,11899485691544492006
16937005268465541312,Chunghsingvirus,Genus,11899485691544492006
9139532807123246249,Chunqiuviricetes,Class,7271607849889630245
12557197164173682826,Chuviridae,Family,17995933120587255695
17921050639629197226,Cilevirus,Genus,2185895254429224743
909002060793252939,Cimpunavirus,Genus,11899485691544492006
16111858420804639566,Cinunavirus,Genus,11899485691544492006
6835011754565544233,Circoviridae,Family,
10875157187404231188,Circovirus,Genus,6835011754565544233
9081695945914252258,Citrivirus,Genus,17725665337956966886
15378580919164888901,Clavaviridae,Family,
10578551928384155999,Clavavirus,Genus,15378580919164888901
10053559249401590174,Clecrusatellite,Genus,5232518423114132944
9548093120345816919,Closteroviridae,Family,4599195356974050869
6605064810375881813,Closterovirus,Genus,9548093120345816919
35780291711203848,Clostunsatellite,Genus,16372131080817766316
13699505451265210688,Cocadviroid,Genus,13624434808369134409
11259100275925163147,Coccolithovirus,Genus,17504659380790710371
5211223016120085804,Coetzeevirus,Genus,11899485691544492006
14447254609227905381,Coguvirus,Genus,12509380156458637060
9762645172416130532,Colacovirus,Subgenus,5576532240118440814
2098085650882359143,Colecusatellite,Genus,5232518423114132944
12483158899613696621,Coleviroid,Genus,13624434808369134409
10296237267199336641,Coltivirus,Genus,9796809150541823076
4640305644499638792,Comovirinae,Subfamily,17019818600382113976
3356637422236216474,Comovirus,Genus,4640305644499638792
11077589895164172014,Coopervirus,Genus,5088620819186566925
1705646612311981970,Copiparvovirus,Genus,6801232604245579054
388993335267787730,Corndogvirus,Genus,11899485691544492006
6118695872626778668,Cornellvirus,Genus,5637617106447728356
15596922820171595355,Cornidovirineae,Suborder,16290532738832004111
23858754759801405,Coronaviridae,Family,15596922820171595355
6922196995094856913,Corticoviridae,Family,
13822982550735161409,Corticovirus,Genus,6922196995094856913
16783899978556584959,Cosavirus,Genus,9173725076793168738
11792845431846275484,Cosmacovirus,Genus,11779144519341771119
9202950952821788502,Cradenivirus,Subgenus,8810286825209589827
2223818082720114649,Crinivirus,Genus,9548093120345816919
16027459253385064004,Cripavirus,Genus,17141231313971995675
5733216581899942341,Crocarterivirinae,Subfamily,5139298484441750216
14664508187257665923,Crocodylidpoxvirus,Genus,6783648483763109209
881409965624084601,Crohivirus,Genus,9173725076793168738
4220401146583796868,Cronusvirus,Genus,11899485691544492006
11711013576511309335,Cruliviridae,Family,12509380156458637060
17518809942715164198,Crustavirus,Genus,10541466606234246798
1403482309433794031,Crustonivirinae,Subfamily,7096154812874998121
15922864141426780739,Cryspovirus,Genus,16258601861311703440
2121060492512455979,Cucumovirus,Genus,7168675313662717141
9225562732794111881,Cuevavirus,Genus,18290894650288237378
17825371936696063952,Cultervirus,Genus,17512807176554128367
13913391195821305834,Curiovirus,Genus,3133221597971588990
11224944484704758231,Curtovirus,Genus,5393585986258875724
6496283746791320660,Cvivirinae,Subfamily,12748664558343260862
1587908908743277408,Cyclovirus,Genus,6835011754565544233
12875496615203403969,Cypovirus,Genus,9796809150541823076
12488446376099006089,Cyprinivirus,Genus,5794235181229681054
794825878531941236,Cystoviridae,Family,4599195356974050869
8002864975140972965,Cystovirus,Genus,794825878531941236
12979695703181422052,Cytomegalovirus,Genus,2260472442407195595
9907914162596129313,Cytorhabdovirus,Genus,3133221597971588990
8107098992902607309,Dclasvirinae,Subfamily,11899485691544492006
15457502370611602149,Debiartevirus,Subgenus,5232634446524786622
4099582739470817113,Decacovirus,Subgenus,5576532240118440814
1935455802727406230,Decapodiridovirus,Genus,10168537050370731950
12554245466934052,Decurrovirus,Genus,11899485691544492006
339840457232635100,Delepquintavirus,Genus,11899485691544492006
5302521214166677585,Deltaarterivirus,Genus,2365215489606625436
1763107210488194489,Deltabaculovirus,Genus,13015683766192591039
9218417344819324615,Deltacoronavirus,Genus,9372303298172469915
10336184001494769391,Deltaflexiviridae,Family,9273559344484886709
13993201082089555994,Deltaflexivirus,Genus,10336184001494769391
15260494751319806625,Deltainfluenzavirus,Genus,10373798200058817885
13598272830390034904,Deltalipothrixvirus,Genus,547613073531930489
12764569806191274934,Deltapapillomavirus,Genus,16183199706657812616
7133170933975109886,Deltapartitivirus,Genus,16258601861311703440
6706213634937787461,Deltapolyomavirus,Genus,3444836407271603922
17079538977073263547,Deltaretrovirus,Genus,5529715125402291143
5635126036113868802,Deltasatellite,Genus,2776071201607396323
9784877829266327497,Deltatorquevirus,Genus,726055528227582715
640000176543996371,Deltavirus,Genus,4599195356974050869
18388037870318156755,Demosthenesvirus,Genus,11899485691544492006
3836539344103040063,Densovirinae,Subfamily,5903562871146559397
10814112220959228958,Dependoparvovirus,Genus,6801232604245579054
3527987295988746626,Detrevirus,Genus,11899485691544492006
5475925838648172370,Dhakavirus,Genus,12590238617013355061
6639583383785735442,Dhillonvirus,Genus,11899485691544492006
11666438648213953608,Dianthovirus,Genus,772061926745349689
395286349573061746,Diatodnavirus,Genus,13671345239751610901
2028714755012037348,Dichorhavirus,Genus,3133221597971588990
14416151345488769251,Dicipivirus,Genus,9173725076793168738
17141231313971995675,Dicistroviridae,Family,3950678496578732275
14137958481226640019,Diegovirus,Genus,16078367189923652152
10724201623041161986,Dinodnavirus,Genus,
7355078182044629590,Dinornavirus,Genus,8111665924824425172
16373112264681032366,Dinovernavirus,Genus,9796809150541823076
7817716659137265745,Dismasvirus,Genus,11899485691544492006
7594986334315544417,Divavirus,Genus,17725665337956966886
1680678840900596979,Doucettevirus,Genus,11899485691544492006
14517297171910551339,Dragsmacovirus,Genus,11779144519341771119
12747534316313514901,Drosmacovirus,Genus,11779144519341771119
13718509985700013038,Drulisvirus,Genus,13920357621781878741
4667589292576868582,Dumedivirus,Subgenus,16280665544666198154
8943725337157250040,Duvinacovirus,Subgenus,5576532240118440814
9760081276051619176,Dyochipapillomavirus,Genus,16183199706657812616
7458442547355596649,Dyodeltapapillomavirus,Genus,16183199706657812616
5772992524531648918,Dyoepsilonpapillomavirus,Genus,16183199706657812616
16043751870951653597,Dyoetapapillomavirus,Genus,16183199706657812616
13203262762831347776,Dyoiotapapillomavirus,Genus,16183199706657812616
11325856565484611992,Dyokappapapillomavirus,Genus,16183199706657812616
11535287034692690345,Dyolambdapapillomavirus,Genus,16183199706657812616
16708309619927257765,Dyomupapillomavirus,Genus,16183199706657812616
14905650739382282735,Dyonupapillomavirus,Genus,16183199706657812616
14087574589194926635,Dyoomegapapillomavirus,Genus,16183199706657812616
4822691458120671687,Dyoomikronpapillomavirus,Genus,16183199706657812616
8469978854654415189,Dyophipapillomavirus,Genus,16183199706657812616
1686854019900558458,Dyopipapillomavirus,Genus,16183199706657812616
14128367602850115026,Dyopsipapillomavirus,Genus,16183199706657812616
1340621721472217118,Dyorhopapillomavirus,Genus,16183199706657812616
11720638670915968375,Dyosigmapapillomavirus,Genus,16183199706657812616
1866388487455835071,Dyotaupapillomavirus,Genus,16183199706657812616
5262484158171001587,Dyothetapapillomavirus,Genus,16183199706657812616
16911967470410867820,Dyoupsilonpapillomavirus,Genus,16183199706657812616
15744389402891323166,Dyoxipapillomavirus,Genus,16183199706657812616
2095293988314984694,Dyozetapapillomavirus,Genus,16183199706657812616
5483351114684506000,Ebolavirus,Genus,18290894650288237378
4963563010614841176,Eclunavirus,Genus,16470586083060068953
14273357634854878801,Efquatrovirus,Genus,11899485691544492006
3244078531999539832,Eiauvirus,Genus,11899485691544492006
5006824467746920877,Eisenstarkvirus,Genus,11899485691544492006
8163547573064050999,Elaviroid,Genus,4120786656085320012
18191312937978218898,Elerivirus,Genus,11899485691544492006
9196640462582907887,Ellioviricetes,Class,12052524508180452239
5091130805041432498,Elvirus,Genus,6981333651723785547
4208184787272202189,Emalynvirus,Genus,11899485691544492006
12505363327684420938,Emaravirus,Genus,16041146746648746973
13939106967609829850,Embecovirus,Subgenus,14936425639880413637
17035049593368406611,Emdodecavirus,Genus,6981333651723785547
2367081272981535586,Enamovirus,Genus,15178271359064807179
12882413927931771909,Endornaviridae,Family,4599195356974050869
1733978877755703941,Eneladusvirus,Genus,6981333651723785547
61725887297232537,Enhodamvirus,Genus,11209872574396414561
14061145184829558126,Enquatrovirus,Genus,11209872574396414561
8121213923985446827,Enselivirus,Subgenus,4654839494980680429
15751357923923654771,Enterovirus,Genus,9173725076793168738
7376169604711000403,Entomobirnavirus,Genus,2618646460838442236
16195394246599863669,Entomopoxvirinae,Subfamily,17160833929784832207
13890803543480205037,Ephemerovirus,Genus,3133221597971588990
14827039765765811864,Epsilonarterivirus,Genus,2365215489606625436
4162798749202147778,Epsilonpapillomavirus,Genus,16183199706657812616
3757637501011579485,Epsilonretrovirus,Genus,5529715125402291143
5740020335180115900,Epsilontorquevirus,Genus,726055528227582715
8522807828528123752,Equarterivirinae,Subfamily,5139298484441750216
14822559973771509094,Equispumavirus,Genus,18063744080116597952
13937924683020493676,Eragrovirus,Genus,5393585986258875724
3826505445158187136,Erbovirus,Genus,9173725076793168738
6844223515137300576,Errantivirus,Genus,1408804438691632857
13069537160035234485,Erskinevirus,Genus,6981333651723785547
10140728083683603693,Erythroparvovirus,Genus,6801232604245579054
15126890421237340970,Etaarterivirus,Genus,2365215489606625436
17483902060785467984,Etapapillomavirus,Genus,16183199706657812616
1589924827392377666,Etatorquevirus,Genus,726055528227582715
7687050832011614242,Eucampyvirinae,Subfamily,6981333651723785547
7096154812874998121,Euroniviridae,Family,18298045245309896779
8279865655907894664,Eurpobartevirus,Subgenus,7691897071965806911
3346930072821325557,Eyrevirus,Genus,11899485691544492006
16114641430438296520,Fabavirus,Genus,4640305644499638792
4411469134129219288,Fabenesatellite,Genus,16372131080817766316
3154957439619110037,Farahnazvirus,Genus,11899485691544492006
11938275063909866339,Felispumavirus,Genus,18063744080116597952
7674360453426619057,Felixounavirus,Genus,8705878498874152495
5742904418781402256,Feravirus,Genus,8587679391642047819
13348473413767530628,Ferlavirus,Genus,16306351437601072747
5453443053170619037,Fibrovirus,Genus,13376346387476522213
6368473554538533468,Ficleduovirus,Genus,6981333651723785547
3890514071689170741,Fijivirus,Genus,9796809150541823076
18290894650288237378,Filoviridae,Family,8668787291196176510
16041146746648746973,Fimoviridae,Family,12509380156458637060
14598702628110139011,Fipvunavirus,Genus,11209872574396414561
4076650716996246751,Firehammervirus,Genus,7687050832011614242
16183199706657812616,Firstpapillomavirinae,Subfamily,13564020192813089715
9029784272612801656,Fishburnevirus,Genus,9919998938060713766
8792238591686721399,Flaumdravirus,Genus,6981333651723785547
4237948662842019011,Flaviviridae,Family,4599195356974050869
8092099844817948303,Flavivirus,Genus,4237948662842019011
11802259914447650596,Fletchervirus,Genus,7687050832011614242
12928562647892822834,Foveavirus,Genus,7721039907064015776
14736601984354513690,Friunavirus,Genus,13920357621781878741
953241639554911738,Fromanvirus,Genus,11899485691544492006
4034391522254908917,Furovirus,Genus,18085018783544661959
15300765160314224066,Fuselloviridae,Family,
9878893970117857546,Gaiavirus,Genus,11899485691544492006
2015822312726572384,Galaxyvirus,Genus,11899485691544492006
1180976101417893696,Gallantivirus,Genus,7641791751908040520
11383846857667709841,Gallivirus,Genus,9173725076793168738
4795500834806763725,Galunavirus,Genus,11899485691544492006
2908124336756546019,Gamaleyavirus,Genus,11209872574396414561
10935674402642200621,Gammaarterivirus,Genus,1799556572161908778
5026676917890949968,Gammabaculovirus,Genus,13015683766192591039
6039411867247277743,Gammacarmovirus,Genus,7641791751908040520
6548473745562436355,Gammacoronavirus,Genus,9372303298172469915
15283838139180860858,Gammaentomopoxvirus,Genus,16195394246599863669
74249866365781122,Gammaflexiviridae,Family,9273559344484886709
4779288345307850408,Gammaherpesvirinae,Subfamily,17374364102234090017
346443455676249452,Gammainfluenzavirus,Genus,10373798200058817885
17382027003525172780,Gammalipothrixvirus,Genus,547613073531930489
14298573913724268987,Gammapapillomavirus,Genus,16183199706657812616
2583996461131779330,Gammapartitivirus,Genus,16258601861311703440
17753607673840034460,Gammapleolipovirus,Genus,5161781648906199824
1929154106103186303,Gammapolyomavirus,Genus,3444836407271603922
1055822962894359729,Gammaretrovirus,Genus,5529715125402291143
13990945319094489860,Gammasphaerolipovirus,Genus,9703158791805727021
4023504857007611659,Gammatectivirus,Genus,6892049332686362364
4038432716323779414,Gammatorquevirus,Genus,726055528227582715
2969730659671445260,Gamtrevirus,Genus,11899485691544492006
4394387492682747196,Gaprivervirus,Genus,12590238617013355061
14031575843213318790,Gelderlandvirus,Genus,12590238617013355061
5232518423114132944,Geminialphasatellitinae,Subfamily,7018209632590305617
5393585986258875724,Geminiviridae,Family,
1436545054528392796,Gemycircularvirus,Genus,1915924819247272182
271841999649948382,Gemyduguivirus,Genus,1915924819247272182
11954413825384017075,Gemygorvirus,Genus,1915924819247272182
14864220915290212145,Gemykibivirus,Genus,1915924819247272182
2719829859927993631,Gemykolovirus,Genus,1915924819247272182
4434900737350609490,Gemykrogvirus,Genus,1915924819247272182
3110671635146798188,Gemykroznavirus,Genus,1915924819247272182
16430088049916807509,Gemytondvirus,Genus,1915924819247272182
5865833986939308073,Gemyvongvirus,Genus,1915924819247272182
1915924819247272182,Genomoviridae,Family,
17983447218649283811,Gequatrovirus,Genus,2289802452860932726
7623875339350488972,Gesputvirus,Genus,11899485691544492006
6033651007897248895,Getseptimavirus,Genus,11899485691544492006
17974439675785905075,Ghobesvirus,Genus,11899485691544492006
6620129175094847173,Giardiavirus,Genus,12705355343577284403
1229765011983775216,Gilesvirus,Genus,11899485691544492006
9040516963038033632,Globuloviridae,Family,
15129045378030826621,Globulovirus,Genus,9040516963038033632
15875515154060728310,Glossinavirus,Genus,7866429096808563083
10413263920631632242,Gofduovirus,Genus,6981333651723785547
17563753348456800606,Gokushovirinae,Subfamily,7814806146747986519
9983570256857622328,Goravirus,Genus,18085018783544661959
2972111172209522788,Gordonvirus,Genus,11899485691544492006
9281953328175291240,Gordtnkvirus,Genus,11899485691544492006
12351747540079183583,Gorganvirus,Genus,11899485691544492006
5531718808262585203,Gorjumvirus,Genus,11899485691544492006
14728327485751138932,Gosmusatellite,Genus,5232518423114132944
3876765134331428835,Goujianvirales,Order,8701124350253222667
18107656779564290469,Goukovirus,Genus,17862316860476623601
16543605537414549547,Grablovirus,Genus,5393585986258875724
5637617106447728356,Guernseyvirinae,Subfamily,11899485691544492006
4333874761364722275,Gustavvirus,Genus,11899485691544492006
2974162886097747741,Guttaviridae,Family,
16137949278552427077,Gyrovirus,Genus,726055528227582715
3509164157245951568,Habenivirus,Genus,13376346387476522213
18176720981258404135,Hanalivirus,Subgenus,4654839494980680429
17400133963352283889,Hanrivervirus,Genus,16470586083060068953
11677197057783500794,Hantaviridae,Family,12509380156458637060
949406621664025148,Hapavirus,Genus,3133221597971588990
7271607849889630245,Haploviricotina,Subphylum,4210554835759434063
10969100423734274959,Hapunavirus,Genus,6981333651723785547
6654547110178974123,Harkavirus,Genus,9173725076793168738
4939059561687818622,Harrisonvirus,Genus,11899485691544492006
10942260568716991234,Hartmanivirus,Genus,15119277073868322277
13292943820198978371,Hawkeyevirus,Genus,8107098992902607309
4281143258470844433,Hedartevirus,Subgenus,5302521214166677585
1422583898911149914,Hedwigvirus,Genus,11899485691544492006
3140677303925157687,Helsingorvirus,Genus,11899485691544492006
18102457928813189121,Hemivirus,Genus,10060636315624882657
7373095045507141320,Hendrixvirus,Genus,11899485691544492006
17712227392473703379,Henipavirus,Genus,16306351437601072747
8511319506683008265,Hepacivirus,Genus,4237948662842019011
11183023795456958417,Hepadnaviridae,Family,
5164693199511143575,Hepandensovirus,Genus,3836539344103040063
4364642018860019089,Hepatovirus,Genus,9173725076793168738
1109207868109995292,Hepeviridae,Family,4599195356974050869
14101867247209931358,Herbevirus,Genus,17961608229329047244
598723878732663836,Herdecovirus,Subgenus,9218417344819324615
9876254772256443932,Herelleviridae,Family,4688094981225374454
9681769242713103277,Heroarterivirinae,Subfamily,5139298484441750216
638965020173107913,Herpesvirales,Order,
17374364102234090017,Herpesviridae,Family,638965020173107913
10050240109797131360,Hexponivirinae,Subfamily,9492596190838053523
12610144164327606902,Hibecovirus,Subgenus,14936425639880413637
741031468310990893,Higrevirus,Genus,2185895254429224743
5329261366095225726,Hollowayvirus,Genus,11209872574396414561
14316624456443799948,Holosalinivirus,Genus,11899485691544492006
12989432070970686047,Homburgvirus,Genus,11899485691544492006
5249568776583060805,Hordeivirus,Genus,18085018783544661959
934322152813637788,Horwuvirus,Genus,17862316860476623601
4393575762746397200,Hostuviroid,Genus,13624434808369134409
15300449775518136895,Hpunavirus,Genus,913336958826426211
18182878138213713128,Hubavirus,Genus,4289071982578289070
16149553412210253687,Huchismacovirus,Genus,11779144519341771119
6351858121006051686,Hudivirus,Genus,17862316860476623601
10000801093757014138,Hudovirus,Genus,17862316860476623601
6982186271405022170,Hunnivirus,Genus,9173725076793168738
11200413782945965670,Hupolycivirus,Genus,15890930991667567221
2396597237277633133,Hypoviridae,Family,4599195356974050869
13174309064449405035,Hypovirus,Genus,2396597237277633133
7866429096808563083,Hytrosaviridae,Family,
18119155702799174395,Iapetusvirus,Genus,6981333651723785547
13263573576683332552,Ichnovirus,Genus,8227318233234027167
8907823731193732992,Ichtadenovirus,Genus,12220053415754138688
8177793177933856728,Ictalurivirus,Genus,5794235181229681054
9623850979724367854,Idaeovirus,Genus,4599195356974050869
18025136324345823941,Idnoreovirus,Genus,9796809150541823076
13026042489999148218,Iflaviridae,Family,3950678496578732275
3944550286915954821,Iflavirus,Genus,13026042489999148218
17646652207407884069,Igacovirus,Subgenus,6548473745562436355
16172038049803313090,Ikedavirus,Genus,11899485691544492006
17525055345145628293,Ilarvirus,Genus,7168675313662717141
10147767760718627341,Iltovirus,Genus,13681533864503273615
12669892875330776451,Ilzatvirus,Genus,11899485691544492006
5430300486357283968,Incheonvrus,Genus,11899485691544492006
6741209756952200893,Infratovirus,Genus,3482742640382782007
1801741037938719784,Inhavirus,Genus,11899485691544492006
13376346387476522213,Inoviridae,Family,
6351968431190749878,Inovirus,Genus,13376346387476522213
10118539054363655336,Inshuvirus,Genus,8587679391642047819
15466293451742087414,Insthoviricetes,Class,12052524508180452239
6437485094530333904,Invictavirus,Genus,7112104973663997127
1786565629525967368,Iodovirus,Genus,6981333651723785547
16940072346407746370,Ionavirus,Genus,6981333651723785547
5232634446524786622,Iotaarterivirus,Genus,2365215489606625436
2293955992003745707,Iotapapillomavirus,Genus,16183199706657812616
7779183458730796983,Iotatorquevirus,Genus,726055528227582715
17351349809884555882,Ipomovirus,Genus,13303972034921547361
14326303205127378556,Iridoviridae,Family,
8318366913726147900,Iridovirus,Genus,10168537050370731950
7376257217784342369,Isavirus,Genus,10373798200058817885
16914765595511381332,Iteradensovirus,Genus,3836539344103040063
326985367287187255,Ithacavirus,Genus,11209872574396414561
6656583556791549009,Jasinkavirinae,Subfamily,9876254772256443932
5306905397223910343,Jasminevirus,Genus,11209872574396414561
383043509060117489,Jedunavirus,Genus,6981333651723785547
7228018106306115790,Jeilongvirus,Genus,16306351437601072747
5478295174295094851,Jenstvirus,Genus,11899485691544492006
10216693254073712798,Jerseyvirus,Genus,5637617106447728356
16045412560145209567,Jesfedecavirus,Genus,11899485691544492006
3419456310547248726,Jiaodavirus,Genus,12590238617013355061
7326189420461512018,Jilinvirus,Genus,6981333651723785547
18223936748622260374,Jimmervirus,Genus,6981333651723785547
17995933120587255695,Jingchuvirales,Order,374154946283963876
11003658694160177476,Johnsonvirus,Genus,11209872574396414561
15495175911768092683,Jonvirus,Genus,8587679391642047819
6942595701841877007,Jwalphavirus,Genus,11209872574396414561
14846751033492584866,Kabutovirus,Genus,17862316860476623601
8536573680171826980,Kadilivirus,Subgenus,4654839494980680429
1878219162719838481,Kaftartevirus,Subgenus,3610350167850839400
18051188235003551358,Kafunavirus,Genus,11209872574396414561
2398767317407666065,Kagunavirus,Genus,5637617106447728356
8301103353992551654,Kairosalinivirus,Genus,11899485691544492006
9601320432248310140,Kappaarterivirus,Genus,13563985699847087019
9939841323972434435,Kappapapillomavirus,Genus,16183199706657812616
17574487215118451653,Kappatorquevirus,Genus,726055528227582715
16626981370971203607,Karamvirus,Genus,12590238617013355061
3701806067688318393,Karsalivirus,Subgenus,4654839494980680429
9796859927598882626,Kayvirus,Genus,486764193633522472
15483244508703131169,Kelleziovirus,Genus,11899485691544492006
9584548996610175836,Kieseladnavirus,Genus,13671345239751610901
10008983075500055973,Kigiartevirus,Subgenus,5232634446524786622
2185895254429224743,Kitaviridae,Family,4599195356974050869
10359833908929340450,Kleczkowskavirus,Genus,6981333651723785547
14873445237498329706,Klementvirus,Genus,11899485691544492006
18362295288965096877,Kobuvirus,Genus,9173725076793168738
5351819673893114052,Kochikohdavirus,Genus,14633070124547569743
10239671858216301163,Kochitakasuvirus,Genus,11209872574396414561
11841244608206923779,Kojivirus,Genus,11899485691544492006
10172773753236410004,Kolesnikvirus,Genus,8705878498874152495
12411891792840003199,Korravirus,Genus,11899485691544492006
7893880933119537033,Kostyavirus,Genus,11899485691544492006
18379129739497152371,Krischvirus,Genus,12590238617013355061
8433029249090766374,Krylovvirus,Genus,11209872574396414561
14091093004124494352,Kryptosalinivirus,Genus,11899485691544492006
14501274084098578537,Kunsagivirus,Genus,9173725076793168738
13516789711092395672,Kuravirus,Genus,11209872574396414561
15769122390336855622,Kusarnavirus,Genus,17995986393581383695
10257777693370277005,Kuttervirus,Genus,6496283746791320660
6840907548426297416,Labyrnavirus,Genus,17995986393581383695
1546847335693681551,Lacusarxvirus,Genus,11899485691544492006
2174452701735038984,Lagovirus,Genus,2875031948932567723
10481108483436418316,Lambdaarterivirus,Genus,9681769242713103277
15468904568712222653,Lambdapapillomavirus,Genus,16183199706657812616
8593329193338155570,Lambdatorquevirus,Genus,726055528227582715
3633366416901546714,Lambdavirus,Genus,11899485691544492006
9915008912973949332,Laroyevirus,Genus,11899485691544492006
17068322172989351254,Laulavirus,Genus,17862316860476623601
18083481816006113399,Lavidaviridae,Family,
11128582007068569247,Ledantevirus,Genus,3133221597971588990
1853678238319411601,Lederbergvirus,Genus,11209872574396414561
15849493427422208995,Leishbuviridae,Family,12509380156458637060
5979919926885345584,Leishmaniavirus,Genus,12705355343577284403
17669210833824951920,Lentivirus,Genus,5529715125402291143
17842191776769395515,Leporipoxvirus,Genus,6783648483763109209
12149072588235112981,Lessievirus,Genus,11209872574396414561
3164647591274919587,Letovirinae,Subfamily,23858754759801405
7995600327008799950,Leviviridae,Family,4599195356974050869
2227520356841982704,Levivirus,Genus,7995600327008799950
593193389095801571,Liefievirus,Genus,11899485691544492006
16876852888012224617,Ligamenvirales,Order,
6419826017238555801,Lightbulbvirus,Genus,11209872574396414561
5244920734453686325,Likavirus,Genus,7224149787533895601
6272074976246250553,Lilyvirus,Genus,11899485691544492006
11543906162831407005,Limdunavirus,Genus,9686494161761697151
7278412501902391364,Limestonevirus,Genus,8273292258048558928
12079928489380342905,Limnipivirus,Genus,9173725076793168738
17499467797739006969,Lincruvirus,Genus,11711013576511309335
10344910471803339742,Lineavirus,Genus,13376346387476522213
547613073531930489,Lipothrixviridae,Family,16876852888012224617
11573356676290016564,Lispiviridae,Family,8668787291196176510
8391132855954433305,Litunavirus,Genus,11209872574396414561
8134935403942879173,Livupivirus,Genus,9173725076793168738
9893060168376017832,Loanvirus,Genus,12771805596702708285
18380239713420232674,Locarnavirus,Genus,17995986393581383695
8979588421340540768,Lokivirus,Genus,11899485691544492006
5562218173009279908,Lolavirus,Genus,9252919582085191391
5565362544291587676,Lomovskayavirus,Genus,11899485691544492006
12648388431035237401,Lubbockvirus,Genus,6981333651723785547
17482240267300917848,Luchacovirus,Subgenus,5576532240118440814
15178271359064807179,Luteoviridae,Family,4599195356974050869
12371814734074107742,Luteovirus,Genus,15178271359064807179
14839745310214090962,Luzseptimavirus,Genus,11209872574396414561
3510113389440591124,Lwoffvirus,Genus,11899485691544492006
9055352573716254000,Lymphocryptovirus,Genus,4779288345307850408
17968418781094332097,Lymphocystivirus,Genus,11222979088855428697
8390494616489897478,Lyssavirus,Genus,3133221597971588990
17512995006676404029,Macanavirus,Genus,7641791751908040520
18168629084181875544,Macavirus,Genus,4779288345307850408
1328305246849490684,Machinavirus,Genus,6981333651723785547
9868023394573234893,Machlomovirus,Genus,7641791751908040520
9961009608872137566,Macluravirus,Genus,13303972034921547361
7895473355234895312,Macronovirus,Genus,2710929573967538550
5289521232415847439,Maculavirus,Genus,106554594235062669
1824366926676289925,Magadivirus,Genus,11899485691544492006
14798331493051162974,Magoulivirus,Genus,17307843662023648295
13173295696932644972,Malacoherpesviridae,Family,638965020173107913
5828942104399705981,Malagasivirus,Genus,9173725076793168738
10057391804609751757,Mamastrovirus,Genus,11635660159124468236
12771805596702708285,Mammantavirinae,Subfamily,11677197057783500794
17581057392849512284,Mammarenavirus,Genus,15119277073868322277
6899695341088125140,Mandarivirus,Genus,9252919582085191391
15181128213643087510,Mapvirus,Genus,11899485691544492006
12360937173023518411,Marafivirus,Genus,106554594235062669
2354022203248797418,Marburgvirus,Genus,18290894650288237378
708885272867303950,Mardecavirus,Genus,11899485691544492006
10859506497319006605,Mardivirus,Genus,13681533864503273615
17995986393581383695,Marnaviridae,Family,3950678496578732275
10714606786878333143,Marnavirus,Genus,17995986393581383695
16374447070099542453,Marseilleviridae,Family,
16285624017161006464,Marseillevirus,Genus,16374447070099542453
15800364512980818981,Marthavirus,Genus,6981333651723785547
2763434737502994826,Marvinvirus,Genus,11899485691544492006
9650146825561567930,Mastadenovirus,Genus,12220053415754138688
13580942127820052166,Mastrevirus,Genus,5393585986258875724
18129869216944208694,Matonaviridae,Family,4599195356974050869
15390259694612198648,Mavirus,Genus,18083481816006113399
9686494161761697151,Mccleskeyvirinae,Subfamily,11899485691544492006
17003941844202054856,Mclasvirinae,Subfamily,11899485691544492006
8147911569811329365,Medioniviridae,Family,16734981844420156834
12716917149244787940,Medionivirinae,Subfamily,8147911569811329365
3082147377043010556,Megabirnaviridae,Family,4599195356974050869
4253011115906659547,Megabirnavirus,Genus,3082147377043010556
3431765043799837269,Megalocytivirus,Genus,11222979088855428697
3132333695600832677,Megrivirus,Genus,9173725076793168738
5517711169600443271,Menolivirus,Subgenus,4654839494980680429
8024291143435338671,Merbecovirus,Subgenus,14936425639880413637
16734981844420156834,Mesnidovirineae,Suborder,16290532738832004111
9492596190838053523,Mesoniviridae,Family,16734981844420156834
622795684383064419,Metaavulavirus,Genus,4418755906242444372
15906858783394535581,Metaparamyxovirinae,Subfamily,11572708849693708725
12488416805761343672,Metapneumovirus,Genus,7551782336102335778
1408804438691632857,Metaviridae,Family,3993546652259395590
12418312834344374878,Metavirus,Genus,1408804438691632857
6761493758885795994,Metrivirus,Genus,6981333651723785547
7814806146747986519,Microviridae,Family,
7152551492892644973,Mieseafarmvirus,Genus,6981333651723785547
2029209042266902478,Milecovirus,Subgenus,14911118920462013788
13095677678916512609,Milneviricetes,Class,7271607849889630245
12046470536188274038,Milvetsatellite,Genus,16372131080817766316
8662500745730292481,Mimasvirus,Genus,6981333651723785547
269919403042716002,Mimiviridae,Family,
11520013849851365589,Mimivirus,Genus,269919403042716002
10482195796500588480,Mimoreovirus,Genus,5726418900326130787
4871213190794596136,Minacovirus,Subgenus,5576532240118440814
4288154388498563471,Minovirus,Genus,2875031948932567723
3646142074134481330,Minunacovirus,Subgenus,5576532240118440814
9803700864081684435,Minunavirus,Genus,11899485691544492006
15934125534634155715,Mischivirus,Genus,9173725076793168738
5938136710246213966,Mitartevirus,Subgenus,3610350167850839400
2495910425949773473,Mitovirus,Genus,6824108376068298804
18165756856081509043,Mivedwarsatellite,Genus,16372131080817766316
13219435564567985591,Mivirus,Genus,12557197164173682826
10926740314530364976,Mobatvirus,Genus,12771805596702708285
12468519914278821348,Mobuvirus,Genus,17862316860476623601
660845937313709493,Moineauvirus,Genus,11899485691544492006
4133450848535897546,Molluscipoxvirus,Genus,6783648483763109209
17051633545484418687,Monidovirineae,Suborder,16290532738832004111
374154946283963876,Monjiviricetes,Class,7271607849889630245
8668787291196176510,Mononegavirales,Order,374154946283963876
1649967369132179581,Mononiviridae,Family,17051633545484418687
13556305584897005103,Mononivirinae,Subfamily,1649967369132179581
4493917808791436295,Mooglevirus,Genus,8705878498874152495
3633091116923708953,Moonvirus,Genus,12590238617013355061
4439890452634047883,Moordecovirus,Subgenus,9218417344819324615
11626924500276899788,Morbillivirus,Genus,16306351437601072747
1721933462005028295,Mosavirus,Genus,9173725076793168738
6040573363259115970,Mosigvirus,Genus,12590238617013355061
8643271250908066257,Muarterivirus,Genus,5733216581899942341
1930337859167330994,Mudcatvirus,Genus,11899485691544492006
16807167974877116120,Mupapillomavirus,Genus,16183199706657812616
5410312393859679666,Muromegalovirus,Genus,2260472442407195595
16422044193864457236,Muscavirus,Genus,7866429096808563083
16497095119255434088,Mutorquevirus,Genus,726055528227582715
9690789381417537723,Muvirales,Order,9139532807123246249
13607285538536423247,Muvirus,Genus,6981333651723785547
14472680291683594453,Mycoflexivirus,Genus,74249866365781122
15611780900069526606,Mycoreovirus,Genus,9796809150541823076
8972825025893106246,Mymonaviridae,Family,8668787291196176510
6498841097841752364,Myohalovirus,Genus,6981333651723785547
9278996759162935050,Myotacovirus,Subgenus,5576532240118440814
6981333651723785547,Myoviridae,Family,4688094981225374454
4289071982578289070,Mypoviridae,Family,12509380156458637060
13487352730781351885,Myunavirus,Genus,11899485691544492006
15233892229941483287,Myxoctovirus,Genus,11209872574396414561
1510540333499054218,Nacovirus,Genus,2875031948932567723
12522700274631985280,Nairoviridae,Family,12509380156458637060
14221798580360543674,Namcalivirus,Subgenus,4654839494980680429
10847182729729250286,Nanhaivirus,Genus,11899485691544492006
15342303157942278643,Nankokuvirus,Genus,6981333651723785547
16372131080817766316,Nanoalphasatellitinae,Subfamily,7018209632590305617
3183200932894823670,Nanoviridae,Family,
12867414031725393566,Nanovirus,Genus,3183200932894823670
8503307734943278369,Napahaivirus,Genus,13920357621781878741
361797466286242893,Narmovirus,Genus,16306351437601072747
6824108376068298804,Narnaviridae,Family,4599195356974050869
14929554253645395388,Narnavirus,Genus,6824108376068298804
4543565060243700710,Nazgulvirus,Genus,6981333651723785547
2377814816806631057,Nclasvirinae,Subfamily,11899485691544492006
1868250663039680575,Nebovirus,Genus,2875031948932567723
4210554835759434063,Negarnaviricota,Phylum,4599195356974050869
6596135919372819119,Negarvirus,Genus,4495057451346653814
10360219544125715819,Nepovirus,Genus,4640305644499638792
12441625783041913184,Nickievirus,Genus,11899485691544492006
16290532738832004111,Nidovirales,Order,4599195356974050869
1785353413372879253,Nimaviridae,Family,
17852317142659680415,Nipunavirus,Genus,11899485691544492006
3740082839788384392,Nitunavirus,Genus,17142241886798852974
5283353134852570301,Nobecovirus,Subgenus,14936425639880413637
13443589885939834549,Nodaviridae,Family,4599195356974050869
13706077208163650193,Nonagvirus,Genus,11899485691544492006
12508790510590572694,Nonanavirus,Genus,11899485691544492006
17345286192635469368,Norovirus,Genus,2875031948932567723
12048224147739346135,Novirhabdovirus,Genus,3133221597971588990
12130592253141553930,Novosibvirus,Genus,11899485691544492006
7151784894692806931,Noxifervirus,Genus,6981333651723785547
3811126584658533792,Nucleorhabdovirus,Genus,3133221597971588990
2619598984258841087,Nudiviridae,Family,
7915677902611835421,Nupapillomavirus,Genus,16183199706657812616
3550207873282958828,Nutorquevirus,Genus,726055528227582715
10541466606234246798,Nyamiviridae,Family,8668787291196176510
16916563118913265191,Nyavirus,Genus,10541466606234246798
1389413988798333684,Nyceiraevirus,Genus,11899485691544492006
16584400081225432925,Nyctacovirus,Subgenus,5576532240118440814
2043618719376586564,Nyfulvavirus,Genus,7112104973663997127
17144570167878804256,Nymbaxtervirinae,Subfamily,11899485691544492006
3941088725481907012,Nymphadoravirus,Genus,17144570167878804256
511840439003644328,Obolenskvirus,Genus,6981333651723785547
3312343906037859277,Ofalivirus,Subgenus,4654839494980680429
11706798868179490822,Okanivirinae,Subfamily,18061578758466737946
18392780614859844334,Okavirus,Genus,11706798868179490822
6852173068169796574,Okubovirus,Genus,8998846092613679800
4472945676956575458,Oleavirus,Genus,7168675313662717141
4070808403084777071,Omegapapillomavirus,Genus,16183199706657812616
15771509685697588062,Omegatetravirus,Genus,6654124933490528709
13768767679855155710,Omegavirus,Genus,11899485691544492006
14281966845505217791,Omikronpapillomavirus,Genus,16183199706657812616
7886784857473460489,Oncotshavirus,Genus,14724809888891670586
8169499141520397740,Ophiovirus,Genus,4330165648907505445
16417988541616207763,Orbivirus,Genus,5726418900326130787
5145560973543623771,Orchidvirus,Genus,11899485691544492006
1038261022826339626,Orinovirus,Genus,10541466606234246798
9298466591283514639,Orivirus,Genus,9173725076793168738
3993546652259395590,Ortervirales,Order,
15412351628953440739,Orthoavulavirus,Genus,4418755906242444372
6965243378961739531,Orthobornavirus,Genus,17512807176554128367
13261937008050686974,Orthobunyavirus,Genus,17961608229329047244
9372303298172469915,Orthocoronavirinae,Subfamily,23858754759801405
1067201927478634279,Orthohantavirus,Genus,12771805596702708285
15134585509710283386,Orthohepadnavirus,Genus,11183023795456958417
4786367821265483048,Orthohepevirus,Genus,1109207868109995292
10373798200058817885,Orthomyxoviridae,Family,9380425007472470983
593495169803963303,Orthonairovirus,Genus,12522700274631985280
16306351437601072747,Orthoparamyxovirinae,Subfamily,11572708849693708725
8905847305151711333,Orthophasmavirus,Genus,8587679391642047819
2368218135756712948,Orthopneumovirus,Genus,7551782336102335778
764781348107392810,Orthopoxvirus,Genus,6783648483763109209
11672482542163519584,Orthoreovirus,Genus,9796809150541823076
5529715125402291143,Orthoretrovirinae,Subfamily,2890171632337925128
17048018001892586995,Orthorubulavirus,Genus,1443020950810692752
13222894691787520042,Orthotospovirus,Genus,2302647615086199236
17393620141871125402,Oryzavirus,Genus,9796809150541823076
15166021596187115987,Oscivirus,Genus,9173725076793168738
17143958646573880840,Oshimavirus,Genus,11899485691544492006
817152546991936519,Oslovirus,Genus,16078367189923652152
4577311551787446748,Ostreavirus,Genus,13173295696932644972
5584841039676455912,Otagovirus,Genus,6981333651723785547
8705878498874152495,Ounavirinae,Subfamily,6981333651723785547
12966749901037743925,Ourmiavirus,Genus,17307843662023648295
4262804056583084625,Ovaliviridae,Family,
11654657565703239555,Pacuvirus,Genus,17961608229329047244
6655550948181280197,Pagevirus,Genus,11209872574396414561
11878650504203891627,Paguronivirus,Genus,1403482309433794031
15039713449830787872,Pahexavirus,Genus,11899485691544492006
9190064572687570235,Pakpunavirus,Genus,6981333651723785547
18318699372769082106,Pamexvirus,Genus,11899485691544492006
14620386658699755052,Panicovirus,Genus,7641791751908040520
15069576067989287302,Papanivirus,Genus,4599195356974050869
13564020192813089715,Papillomaviridae,Family,
3528193346249440849,Papyrusvirus,Genus,11899485691544492006
12041750648143487779,Paraavulavirus,Genus,4418755906242444372
11572708849693708725,Paramyxoviridae,Family,8668787291196176510
16818690444336547865,Parapoxvirus,Genus,6783648483763109209
16560008208503865163,Pararubulavirus,Genus,1443020950810692752
597059411816050812,Parechovirus,Genus,9173725076793168738
16258601861311703440,Partitiviridae,Family,4599195356974050869
5903562871146559397,Parvoviridae,Family,
6801232604245579054,Parvovirinae,Subfamily,5903562871146559397
13790075039485723578,Pasivirus,Genus,9173725076793168738
5891126616331743493,Passerivirus,Genus,9173725076793168738
5572052536941210599,Patiencevirus,Genus,11899485691544492006
17194275184494749471,Pbi1virus,Genus,11899485691544492006
1914127380919554140,Pbunavirus,Genus,6981333651723785547
9919998938060713766,Pclasvirinae,Subfamily,11899485691544492006
13043354667817605233,Peatvirus,Genus,6981333651723785547
5783992456835081775,Pecentumvirus,Genus,6656583556791549009
15695393408615139667,Pecluvirus,Genus,18085018783544661959
6699794426564414484,Pedacovirus,Subgenus,5576532240118440814
16050403317570747691,Pedartevirus,Subgenus,5302521214166677585
913336958826426211,Peduovirinae,Subfamily,6981333651723785547
9530644917813438579,Peduovirus,Genus,913336958826426211
7304300144966558187,Pegivirus,Genus,4237948662842019011
6135384258613283956,Pegunavirus,Genus,5088620819186566925
11118297415012621727,Pelamoviroid,Genus,4120786656085320012
4769107770577629676,Pelarspovirus,Genus,7641791751908040520
11246978459876561560,Penstyldensovirus,Genus,3836539344103040063
708228532391320429,Pepyhexavirus,Genus,11899485691544492006
8974025460661262227,Percavirus,Genus,4779288345307850408
18425008009959541341,Perhabdovirus,Genus,3133221597971588990
17961608229329047244,Peribunyaviridae,Family,12509380156458637060
16119661007918079046,Perisivirus,Genus,11209872574396414561
10169718770674038687,Permutotetraviridae,Family,4599195356974050869
658030368033117016,Peropuvirus,Genus,15558211591385496807
16599560418589500435,Pestivirus,Genus,4237948662842019011
10620622326536306966,Petuvirus,Genus,7951137831445856151
9387155693798518865,Phaeovirus,Genus,17504659380790710371
5293832028544918649,Phasivirus,Genus,17862316860476623601
8587679391642047819,Phasmaviridae,Family,12509380156458637060
10418854656029911829,Phayoncevirus,Genus,9919998938060713766
17862316860476623601,Phenuiviridae,Family,12509380156458637060
8225043515105961624,Phicbkvirus,Genus,11899485691544492006
11626632167859963419,Phietavirus,Genus,11899485691544492006
10918646735611209256,Phifelvirus,Genus,11899485691544492006
9183627332343176802,Phikmvvirus,Genus,13920357621781878741
9676447669435207748,Phikzvirus,Genus,6981333651723785547
497249650119418939,Phimunavirus,Genus,13920357621781878741
16591487864302222868,Phipapillomavirus,Genus,16183199706657812616
12718024555968101030,Phlebovirus,Genus,17862316860476623601
17504659380790710371,Phycodnaviridae,Family,
12875872007766848272,Phytoreovirus,Genus,5726418900326130787
6659487001067940645,Picobirnaviridae,Family,4599195356974050869
751252966951979702,Picobirnavirus,Genus,6659487001067940645
3950678496578732275,Picornavirales,Order,4599195356974050869
9173725076793168738,Picornaviridae,Family,3950678496578732275
4495057451346653814,Picovirinae,Subfamily,11209872574396414561
11532188945679002867,Pidchovirus,Genus,17862316860476623601
13980755248951755895,Pikminvirus,Genus,11899485691544492006
8801641105088662485,Pimfabavirus,Subgenus,3951983930982568717
15735862505395766781,Pipapillomavirus,Genus,16183199706657812616
8078073658081680526,Pipefishvirus,Genus,5088620819186566925
14724809888891670586,Piscanivirinae,Subfamily,13116799286279811139
16701500094355577377,Piscihepevirus,Genus,1109207868109995292
18035933663653445771,Plaisancevirus,Genus,6981333651723785547
13431723363021896590,Plasmaviridae,Family,
11898149653933373076,Plasmavirus,Genus,13431723363021896590
2777499163149760380,Platypuvirus,Genus,9252919582085191391
4269301866849716836,Plectrovirus,Genus,13376346387476522213
5161781648906199824,Pleolipoviridae,Family,
17458345276868292373,Plotvirus,Genus,8107098992902607309
7551782336102335778,Pneumoviridae,Family,8668787291196176510
4891444399637431885,Poacevirus,Genus,13303972034921547361
11209872574396414561,Podoviridae,Family,4688094981225374454
8370097475608053549,Poecivirus,Genus,9173725076793168738
3195750728407008260,Polemovirus,Genus,3773381250069523480
17477599944273327614,Polerovirus,Genus,15178271359064807179
12356243695190804019,Pollyceevirus,Genus,13920357621781878741
7581165694930837075,Polybotosvirus,Genus,6981333651723785547
15890930991667567221,Polycipiviridae,Family,3950678496578732275
8227318233234027167,Polydnaviridae,Family,
3444836407271603922,Polyomaviridae,Family,
12052524508180452239,Polyploviricotina,Subphylum,4210554835759434063
495183684763268827,Pomovirus,Genus,18085018783544661959
18365238038317291259,Popoffvirus,Genus,6981333651723785547
6867322190985530947,Porprismacovirus,Genus,11779144519341771119
7569211200287679827,Portogloboviridae,Family,
11583583646143606283,Pospiviroid,Genus,13624434808369134409
13624434808369134409,Pospiviroidae,Family,4599195356974050869
942622064857565623,Potamipivirus,Genus,9173725076793168738
13610103632792310671,Potexvirus,Genus,9252919582085191391
13303972034921547361,Potyviridae,Family,4599195356974050869
1136195281546966629,Potyvirus,Genus,13303972034921547361
9311634218326922615,Poushouvirus,Genus,11899485691544492006
17160833929784832207,Poxviridae,Family,
15719829943814401420,Pradovirus,Genus,13920357621781878741
2437302064751097746,Prasinovirus,Genus,17504659380790710371
9559686148927818192,Pregotovirus,Genus,3482742640382782007
16253904709896592424,Priunavirus,Genus,11899485691544492006
11499039116321454632,Proboscivirus,Genus,2260472442407195595
7641791751908040520,Procedovirinae,Subfamily,6082525920936141749
4878544860878245840,Prosimiispumavirus,Genus,18063744080116597952
6058148601961311238,Protobacilladnavirus,Genus,13671345239751610901
17900947575809537097,Protoparvovirus,Genus,6801232604245579054
18086031978429968215,Prunevirus,Genus,17725665337956966886
16994807267698148293,Prymnesiovirus,Genus,17504659380790710371
2119993886515331032,Przondovirus,Genus,13920357621781878741
2149448538134510027,Psavirus,Genus,11899485691544492006
10060636315624882657,Pseudoviridae,Family,3993546652259395590
7077313085476510647,Pseudovirus,Genus,10060636315624882657
1865033054899330546,Psimunavirus,Genus,11899485691544492006
3559855904778314450,Psipapillomavirus,Genus,16183199706657812616
4042571761829306264,Pulverervirus,Genus,11899485691544492006
6814154884227639882,Punavirus,Genus,6981333651723785547
12065423865341309613,Qinviridae,Family,9690789381417537723
6851450959916712797,Quadriviridae,Family,4599195356974050869
13969279326604729405,Quadrivirus,Genus,6851450959916712797
9980355868061083268,Quaranjavirus,Genus,10373798200058817885
7721039907064015776,Quinvirinae,Subfamily,12344803535372731225
5559713252523400818,Rabovirus,Genus,9173725076793168738
11187230306485451448,Radnorvirus,Genus,6981333651723785547
11577290392602734384,Rafivirus,Genus,9173725076793168738
7848958100167012501,Ranavirus,Genus,11222979088855428697
14506764822691562782,Raphidovirus,Genus,17504659380790710371
9706152888458022959,Rauchvirus,Genus,11209872574396414561
16172737348953131541,Ravinvirus,Genus,11899485691544492006
9630575191621282220,Recovirus,Genus,2875031948932567723
1022738917947898614,Redivirus,Genus,2377814816806631057
772061926745349689,Regressovirinae,Subfamily,6082525920936141749
18222189515458285112,Remotovirinae,Subfamily,13116799286279811139
12206992487727461705,Renitovirus,Subgenus,14328989588501509661
6341556440891152314,Reoviridae,Family,4599195356974050869
18143466630973939115,Repantavirinae,Subfamily,11677197057783500794
14458148783103143034,Reptarenavirus,Genus,15119277073868322277
16897556572060967758,Reptillovirus,Genus,18143466630973939115
11438753381875852313,Rerduovirus,Genus,11899485691544492006
13608958030302741502,Respirovirus,Genus,16306351437601072747
2890171632337925128,Retroviridae,Family,3993546652259395590
14523165595167619819,Reyvirus,Genus,17003941844202054856
3133221597971588990,Rhabdoviridae,Family,8668787291196176510
15809174302643997219,Rhadinovirus,Genus,4779288345307850408
11209764469389867489,Rhinacovirus,Subgenus,5576532240118440814
14922894111463855771,Rhizidiovirus,Genus,
15857055837671877081,Rhopapillomavirus,Genus,16183199706657812616
4599195356974050869,Riboviria,Realm,
15381639853221362810,Rigallicvirus,Genus,11899485691544492006
12779289869129991611,Rimavirus,Genus,11899485691544492006
9205629841822759988,Ripduovirus,Genus,6981333651723785547
2189941469343428271,Risingsunvirus,Genus,6981333651723785547
13211770743188890792,Robigovirus,Genus,7721039907064015776
5515202761650848881,Rogunavirus,Genus,16470586083060068953
18298045245309896779,Ronidovirineae,Suborder,16290532738832004111
18061578758466737946,Roniviridae,Family,18298045245309896779
4739534652496322964,Rosadnavirus,Genus,7951137831445856151
11945649498143104371,Rosavirus,Genus,9173725076793168738
1110064573454629497,Rosebushvirus,Genus,5088620819186566925
4788638071428792065,Rosenblumvirus,Genus,4495057451346653814
16036531062885071640,Roseolovirus,Genus,2260472442407195595
5595550149623763488,Rotavirus,Genus,5726418900326130787
14520472275121003372,Roufvirus,Genus,11899485691544492006
12606631110327728698,Roymovirus,Genus,13303972034921547361
13981374512949800702,Roypretovirus,Subgenus,9559686148927818192
6240432167760424237,Rtpvirus,Genus,16470586083060068953
9980849463933007971,Rubivirus,Genus,18129869216944208694
1443020950810692752,Rubulavirinae,Subfamily,11572708849693708725
5003117958867045739,Rudiviridae,Family,16876852888012224617
15939853944532087361,Rudivirus,Genus,5003117958867045739
11802869613917927548,Rymovirus,Genus,13303972034921547361
14448562469538624924,Sadwavirus,Genus,17019818600382113976
1668162711134127181,Saetivirus,Genus,13376346387476522213
14585243717369021729,Sakobuvirus,Genus,9173725076793168738
3835774297050356537,Salasvirus,Genus,4495057451346653814
6995919872072589371,Salemvirus,Genus,16306351437601072747
2224918838977202891,Salisharnavirus,Genus,17995986393581383695
9624264497839412521,Salivirus,Genus,9173725076793168738
12315186717422641638,Salmonivirus,Genus,5794235181229681054
8795151777073038903,Salnivirus,Subgenus,7886784857473460489
1975145671020897159,Salovirus,Genus,2875031948932567723
6446580427725162720,Salterprovirus,Genus,
15772557857266683030,Samistivirus,Genus,11899485691544492006
2882942692440436545,Samunavirus,Genus,11899485691544492006
17106517880297370310,Sanematovirus,Subgenus,16391212710784083453
431111214370979402,Sanovirus,Genus,11899485691544492006
11242953171285242951,Sapelovirus,Genus,9173725076793168738
4314654250864762067,Saphexavirus,Genus,11899485691544492006
15270347089660705839,Sapovirus,Genus,2875031948932567723
15800028359054000741,Sarbecovirus,Subgenus,14936425639880413637
2710929573967538550,Sarthroviridae,Family,4599195356974050869
5416815481888152285,Sasvirus,Genus,11899485691544492006
7178167475638181878,Saundersvirus,Genus,11899485691544492006
17236954867146843283,Sawastrivirus,Genus,8587679391642047819
423283710670848210,Scapunavirus,Genus,11899485691544492006
11716471603880394429,Schizotequatrovirus,Genus,12590238617013355061
11265250710198236133,Schmidvirus,Genus,11209872574396414561
12824035477989897670,Sclerodarnavirus,Genus,9252919582085191391
4412572436342468125,Sclerotimonavirus,Genus,8972825025893106246
9919382613749225478,Scleroulivirus,Genus,17307843662023648295
15327575536112302590,Scutavirus,Genus,13681533864503273615
14177186428384413623,Seadornavirus,Genus,5726418900326130787
16459844063899621974,Secondpapillomavirinae,Subfamily,13564020192813089715
17019818600382113976,Secoviridae,Family,3950678496578732275
16391212710784083453,Sectovirus,Genus,3482742640382782007
5726418900326130787,Sedoreovirinae,Subfamily,6341556440891152314
9790817991220175469,Semotivirus,Genus,143130718805344677
11385846622193401851,Senecavirus,Genus,9173725076793168738
9662279027126339579,Seoulvirus,Genus,6981333651723785547
335546541882800963,Septimatrevirus,Genus,11899485691544492006
18431977045690503048,Sepunavirus,Genus,486764193633522472
16078367189923652152,Sepvirinae,Subfamily,11209872574396414561
13251030284709613729,Sequivirus,Genus,17019818600382113976
1418447870769409576,Serpentovirales,Order,13095677678916512609
3482742640382782007,Serpentovirinae,Subfamily,13116799286279811139
2990546878233492648,Sertoctavirus,Genus,16470586083060068953
15691085837927046060,Setracovirus,Subgenus,5576532240118440814
13312052555381886876,Seunavirus,Genus,13710275977068362380
15357658400401407975,Seuratvirus,Genus,11899485691544492006
8379666397717276229,Sextaecvirus,Genus,11899485691544492006
1747686605566699047,Shalavirus,Genus,6981333651723785547
17225467701650375964,Shanbavirus,Genus,9173725076793168738
10770935235865456386,Shangavirus,Genus,17961608229329047244
15071178757618597867,Shaspivirus,Genus,12522700274631985280
187397212791680521,Sheartevirus,Subgenus,14827039765765811864
7086610332741487648,Shilevirus,Genus,15849493427422208995
10273776220405139328,Siadenovirus,Genus,12220053415754138688
11108575325129338194,Sicinivirus,Genus,9173725076793168738
16950695142092863306,Sigmapapillomavirus,Genus,16183199706657812616
9597386541265749297,Sigmavirus,Genus,3133221597971588990
5704181161341405364,Silviavirus,Genus,486764193633522472
2365215489606625436,Simarterivirinae,Subfamily,5139298484441750216
9831022008729090527,Simiispumavirus,Genus,18063744080116597952
6024299186616667812,Siminovitchvirus,Genus,8998846092613679800
17120343481291937008,Simplexvirus,Genus,13681533864503273615
466318050362172914,Sinaivirus,Genus,4599195356974050869
14687203463162963153,Sinsheimervirus,Genus,2289802452860932726
11899485691544492006,Siphoviridae,Family,4688094981225374454
9068065103071893467,Sirevirus,Genus,10060636315624882657
2944077248107382300,Sitaravirus,Genus,11899485691544492006
18384535147266661803,Skunavirus,Genus,11899485691544492006
1914266898482366386,Slashvirus,Genus,11899485691544492006
2194279270708383380,Slopekvirus,Genus,12590238617013355061
11779144519341771119,Smacoviridae,Family,
6285890849347532052,Smoothievirus,Genus,11899485691544492006
1003631079022046526,Sobemovirus,Genus,3773381250069523480
9904423643350140184,Socyvirus,Genus,10541466606234246798
12870288000828485580,Sogarnavirus,Genus,17995986393581383695
3773381250069523480,Solemoviridae,Family,4599195356974050869
15403005467734689695,Solendovirus,Genus,7951137831445856151
7112104973663997127,Solinviviridae,Family,4599195356974050869
16159569744521802690,Sophoyesatellite,Genus,16372131080817766316
11407295005608656422,Sopolycivirus,Genus,15890930991667567221
3609339692704147785,Soupsvirus,Genus,11899485691544492006
686006964719518380,Sourvirus,Genus,11899485691544492006
8154287353063175159,Soymovirus,Genus,7951137831445856151
4278399036011626914,Spbetavirus,Genus,11899485691544492006
9703158791805727021,Sphaerolipoviridae,Family,
9796809150541823076,Spinareovirinae,Subfamily,6341556440891152314
8483946233463262563,Spiraviridae,Family,
6208779578076590520,Spiromicrovirus,Genus,17563753348456800606
8998846092613679800,Spounavirinae,Subfamily,9876254772256443932
7404385858484255638,Sprivivirus,Genus,3133221597971588990
18063744080116597952,Spumaretrovirinae,Subfamily,2890171632337925128
8438418222471928267,Sputnikvirus,Genus,18083481816006113399
7873738967687795505,Sripuvirus,Genus,3133221597971588990
7414731742151297944,Stanholtvirus,Genus,11899485691544492006
12822829901964580403,Steinhofvirus,Genus,11899485691544492006
10194356142706804512,Striavirus,Genus,18290894650288237378
7677162069844302492,Striwavirus,Genus,12522700274631985280
17687570618659999333,Subclovsatellite,Genus,16372131080817766316
9191790758154613190,Sugarlandvirus,Genus,11899485691544492006
13206277326816201535,Suipoxvirus,Genus,6783648483763109209
11817880188767183464,Sunshinevirus,Genus,13424418868144189626
13424418868144189626,Sunviridae,Family,8668787291196176510
9292767933670519514,Suspvirus,Genus,8705878498874152495
3275531637152303362,Svunavirus,Genus,6981333651723785547
5749710699846667709,Synodonvirus,Genus,15906858783394535581
12849646732751761503,Tabernariusvirus,Genus,11209872574396414561
16040597841903439392,Tankvirus,Genus,11899485691544492006
14538157777347483877,Tapwovirus,Genus,10541466606234246798
5174914233372293927,Taupapillomavirus,Genus,16183199706657812616
6892049332686362364,Tectiviridae,Family,
13641124010220078495,Tegacovirus,Subgenus,5576532240118440814
6770694724919132263,Tegunavirus,Genus,6981333651723785547
7417193544447628932,Tenuivirus,Genus,17862316860476623601
4717856004790612681,Tepovirus,Genus,17725665337956966886
9957678554592788809,Tequatrovirus,Genus,12590238617013355061
12815941887766475572,Tequintavirus,Genus,11899485691544492006
16854945042964891770,Teschovirus,Genus,9173725076793168738
13024704564050121517,Teseptimavirus,Genus,13920357621781878741
15129394757955233812,Tetraparvovirus,Genus,6801232604245579054
12590238617013355061,Tevenvirinae,Subfamily,6981333651723785547
2353342715362303603,Thamnovirus,Genus,18290894650288237378
3610350167850839400,Thetaarterivirus,Genus,2365215489606625436
8285413186299475937,Thetapapillomavirus,Genus,16183199706657812616
4312250721117457732,Thetatorquevirus,Genus,726055528227582715
5879640763770014653,Thogotovirus,Genus,10373798200058817885
16034949642754946263,Thornevirus,Genus,6981333651723785547
3552146816064183979,Thottimvirus,Genus,12771805596702708285
13888696275484536452,Tiamatvirinae,Subfamily,12758403923039509403
14584852048808438171,Tibrovirus,Genus,3133221597971588990
418345810779153214,Tidunavirus,Genus,6981333651723785547
8483825309467239097,Tijeunavirus,Genus,6981333651723785547
14892157980694083555,Tilapinevirus,Genus,2889077483867760485
6529864078093158492,Tilitovirus,Subgenus,4688201230998112972
1213791787533737731,Timquatrovirus,Genus,11899485691544492006
16798953682539196247,Tinduovirus,Genus,11899485691544492006
14449240795954494671,Tipravirus,Subgenus,18392780614859844334
4688201230998112972,Tiruvirus,Genus,3482742640382782007
7523940760974908682,Titanvirus,Genus,11899485691544492006
425525702611076116,Tlsvirus,Genus,16470586083060068953
9795890199594565100,Tobamovirus,Genus,18085018783544661959
13116799286279811139,Tobaniviridae,Family,752756353623155214
8020212479743825652,Tobravirus,Genus,18085018783544661959
4325012553040563742,Togaviridae,Family,4599195356974050869
2776071201607396323,Tolecusatellitidae,Family,
6082525920936141749,Tombusviridae,Family,4599195356974050869
9241128713619647828,Tombusvirus,Genus,7641791751908040520
14181754752490564401,Topocuvirus,Genus,5393585986258875724
6237200650215201416,Torchivirus,Genus,9173725076793168738
752756353623155214,Tornidovirineae,Suborder,16290532738832004111
10742522621414398944,Torovirinae,Subfamily,13116799286279811139
14328989588501509661,Torovirus,Genus,10742522621414398944
5854031711878681146,Torradovirus,Genus,17019818600382113976
3708334609440120245,Tortellinivirus,Genus,11899485691544492006
2302647615086199236,Tospoviridae,Family,12509380156458637060
12705355343577284403,Totiviridae,Family,4599195356974050869
18171417253647790743,Totivirus,Genus,12705355343577284403
10302879202574126144,Tottorivirus,Genus,9173725076793168738
7941244250880636406,Toursvirus,Genus,10189470729361874272
7822382871559601507,Traversvirus,Genus,16078367189923652152
12710749600913858085,Treisdeltapapillomavirus,Genus,16183199706657812616
11861675260623614689,Treisepsilonpapillomavirus,Genus,16183199706657812616
436171700300582148,Treisetapapillomavirus,Genus,16183199706657812616
2514811556847641822,Treisiotapapillomavirus,Genus,16183199706657812616
5451145990666930365,Treiskappapapillomavirus,Genus,16183199706657812616
14818917176271853696,Treisthetapapillomavirus,Genus,16183199706657812616
9038097665492631822,Treiszetapapillomavirus,Genus,16183199706657812616
10568706381492765197,Tremovirus,Genus,9173725076793168738
6976546250120405911,Triatovirus,Genus,17141231313971995675
1204253809651348336,Triavirus,Genus,11899485691544492006
12137862002975584599,Trichomonasvirus,Genus,12705355343577284403
16870349089704296066,Trichovirus,Genus,17725665337956966886
14904492363991856892,Trigintaduovirus,Genus,11899485691544492006
18073101043486853119,Trinavirus,Genus,11899485691544492006
12943886604252119335,Trippvirus,Genus,11899485691544492006
6946162624092824948,Tristromaviridae,Family,
3913834954215713583,Tritimovirus,Genus,13303972034921547361
17725665337956966886,Trivirinae,Subfamily,12344803535372731225
3916824863123237299,Tsarbombavirus,Genus,17142241886798852974
2761604121611718735,Tulanevirus,Genus,6981333651723785547
16470586083060068953,Tunavirinae,Subfamily,11899485691544492006
9084087993581645731,Tunavirus,Genus,16470586083060068953
9875700299438110165,Tungrovirus,Genus,7951137831445856151
14051909726371773237,Tunicanivirinae,Subfamily,8147911569811329365
10467312246737656349,Tupavirus,Genus,3133221597971588990
5146978648612237837,Turncurtovirus,Genus,5393585986258875724
15480330777662443329,Turrinivirus,Genus,12716917149244787940
3638453545164749235,Turriviridae,Family,
486764193633522472,Twortvirinae,Subfamily,9876254772256443932
16240112016979929178,Twortvirus,Genus,486764193633522472
9273559344484886709,Tymovirales,Order,4599195356974050869
106554594235062669,Tymoviridae,Family,9273559344484886709
3579298298378212101,Tymovirus,Genus,106554594235062669
10884438778217596913,Uetakevirus,Genus,11209872574396414561
11764287544500578084,Umbravirus,Genus,18279497026439264526
13273851171036875126,Unahavirus,Genus,11899485691544492006
16551336516177386146,Unaquatrovirus,Genus,9686494161761697151
17639473015261832028,Upsilonpapillomavirus,Genus,16183199706657812616
12568482725227802229,Valovirus,Genus,2875031948932567723
1799556572161908778,Variarterivirinae,Subfamily,5139298484441750216
15857823287390814238,Varicellovirus,Genus,13681533864503273615
7981989737070389928,Varicosavirus,Genus,3133221597971588990
12851948695528695867,Vegasvirus,Genus,11899485691544492006
3004645790557646288,Velarivirus,Genus,9548093120345816919
9929406351147532575,Vendettavirus,Genus,11899485691544492006
13710275977068362380,Vequintavirinae,Subfamily,6981333651723785547
6563655917281846600,Vequintavirus,Genus,13710275977068362380
12872612182937637315,Vesiculovirus,Genus,3133221597971588990
4149568366867149196,Vesivirus,Genus,2875031948932567723
2229066884182876391,Vespertiliovirus,Genus,13376346387476522213
10799543763168747800,Vhmlvirus,Genus,6981333651723785547
5774812076612221175,Vhulanivirus,Genus,11899485691544492006
10532887659425485032,Vicosavirus,Genus,11209872574396414561
8080649591753410609,Victorivirus,Genus,12705355343577284403
14703953547715056361,Vidavervirus,Genus,6981333651723785547
10336608877876674985,Vidquintavirus,Genus,11899485691544492006
6450611113970937759,Vieuvirus,Genus,11899485691544492006
18085018783544661959,Virgaviridae,Family,4599195356974050869
9596654409611296790,Virtovirus,Genus,4599195356974050869
6500782501394080479,Vitivirus,Genus,17725665337956966886
13873368693624471676,Viunavirus,Genus,6981333651723785547
3522979427391726182,Vividuovirus,Genus,11899485691544492006
16911982600310413610,Waikavirus,Genus,17019818600382113976
16868963156078175707,Wamavirus,Genus,17725665337956966886
5342090407851011256,Wbetavirus,Genus,11899485691544492006
4463110191347857290,Weaselvirus,Genus,11899485691544492006
111045419474608502,Webervirus,Genus,16470586083060068953
12921806062373297952,Wenilivirus,Subgenus,8810286825209589827
13771336088058926105,Wenrivirus,Genus,17862316860476623601
17143697875154472227,Whispovirus,Genus,1785353413372879253
3837946391669184611,Wildcatvirus,Genus,11899485691544492006
6055953085040624811,Wilnyevirus,Genus,11899485691544492006
16201208837812049296,Winklervirus,Genus,6981333651723785547
7775778952873621387,Wizardvirus,Genus,11899485691544492006
16621216047792402274,Woesvirus,Genus,11899485691544492006
8816528900002640444,Woodruffvirus,Genus,11899485691544492006
8297461085238787530,Wphvirus,Genus,17142241886798852974
8538769324593122581,Wubeivirus,Genus,17862316860476623601
1417585949118320587,Wuhivirus,Genus,8587679391642047819
1741517974525039964,Wumivirus,Genus,10156973976592882613
10156973976592882613,Wupedeviridae,Family,12509380156458637060
4519518956391260150,Xiamenvirus,Genus,11899485691544492006
10587294476599310319,Xinmoviridae,Family,8668787291196176510
4628474279297176934,Xintolivirus,Subgenus,6741209756952200893
16665636500951890139,Xipapillomavirus,Genus,16183199706657812616
5371021088038703840,Xipdecavirus,Genus,11899485691544492006
10004612621966771782,Yatapoxvirus,Genus,6783648483763109209
4042549916061438364,Yingvirus,Genus,12065423865341309613
15228563752110905121,Yokohamavirus,Genus,6981333651723785547
5511643642801092350,Yuavirus,Genus,11899485691544492006
6366578759052527069,Yueviridae,Family,3876765134331428835
8701124350253222667,Yunchangviricetes,Class,7271607849889630245
15639977666527254977,Yuyuevirus,Genus,6366578759052527069
416424308180947150,Yvonnevirus,Genus,11899485691544492006
13563985699847087019,Zealarterivirinae,Subfamily,5139298484441750216
2601607114840278938,Zeavirus,Genus,7641791751908040520
16922116165532421458,Zetaarterivirus,Genus,2365215489606625436
7118152267784618677,Zetapapillomavirus,Genus,16183199706657812616
17738264409915031174,Zetatorquevirus,Genus,726055528227582715
6773628114567531150,Zindervirus,Genus,13920357621781878741
8151289394275084551,Zybavirus,Genus,3990036958918886630
